wr1;wr2;wr3;wr4;wr5;wr6;wr7;wr8;wblack1;wb1;wb2;wb3;wb4;wb5;wb6;wb7;wb8;wb9;ww1;ww2;ww3;ww4;ww5;ww6;ww7;wz1;wz2;wz3;wz4;wp1;wp2;wp3;wp4;association;pred
каша_NOUN;тарелка_NOUN;снеговик_NOUN;стол_NOUN;дятел_NOUN;верфь_NOUN;червь_NOUN;сила_NOUN;раковина_NOUN;высота_NOUN;кокетка_NOUN;налет_NOUN;запах_NOUN;номер_NOUN;орган_NOUN;бар_NOUN;кол_NOUN;Берлин_PROPN;Франция_PROPN;биржа_NOUN;мышь_NOUN;привод_NOUN;рак_NOUN;Европа_PROPN;нота_NOUN;каша_NOUN;тарелка_NOUN;стол_NOUN;;каша_NOUN;стол_NOUN;бар_NOUN;;завтрак_NOUN;0.19
перемена_NOUN;лев_NOUN;течение_NOUN;рыцарь_NOUN;кенгуру_NOUN;шпион_NOUN;стекло_NOUN;доктор_NOUN;прибор_NOUN;стена_NOUN;налет_NOUN;мат_NOUN;вор_NOUN;собака_NOUN;смерть_NOUN;десна_NOUN;пистолет_NOUN;эфир_NOUN;проспект_NOUN;каша_NOUN;мотив_NOUN;мушка_NOUN;бар_NOUN;наряд_NOUN;рок_NOUN;рыцарь_NOUN;шпион_NOUN;доктор_NOUN;;собака_NOUN;рыцарь_NOUN;смерть_NOUN;;человек_NOUN;0.038000000000000006
образ_NOUN;крест_NOUN;узел_NOUN;парашют_NOUN;хвост_NOUN;пришелец_NOUN;путь_NOUN;норка_NOUN;туба_NOUN;канал_NOUN;мелочь_NOUN;акт_NOUN;колонна_NOUN;крыло_NOUN;поле_NOUN;знак_NOUN;Антарктида_PROPN;повар_NOUN;дух_NOUN;перчатка_NOUN;Олимп_NOUN;клетка_NOUN;пара_NOUN;конек_NOUN;свидетель_NOUN;образ_NOUN;крест_NOUN;;;дух_NOUN;крест_NOUN;;;православие_NOUN;0.22499999999999998
пол_NOUN;залог_NOUN;кол_NOUN;яд_NOUN;игла_NOUN;операция_NOUN;червь_NOUN;кора_NOUN;декрет_NOUN;мир_NOUN;дятел_NOUN;лес_NOUN;призрак_NOUN;лев_NOUN;няня_NOUN;гребень_NOUN;яблоко_NOUN;струна_NOUN;вор_NOUN;дума_NOUN;перевод_NOUN;перо_NOUN;пилот_NOUN;кошка_NOUN;липа_NOUN;игла_NOUN;операция_NOUN;;;операция_NOUN;пилот_NOUN;;;хирург_NOUN;0.22499999999999998
посольство_NOUN;гвоздь_NOUN;адвокат_NOUN;жила_NOUN;салют_NOUN;театр_NOUN;принцесса_NOUN;кетчуп_NOUN;кадр_NOUN;боров_NOUN;Рим_PROPN;шпагат_NOUN;корона_NOUN;кол_NOUN;фига_NOUN;фокус_NOUN;вождь_NOUN;перо_NOUN;лама_NOUN;налет_NOUN;свидетель_NOUN;шар_NOUN;труба_NOUN;помет_NOUN;осьминог_NOUN;салют_NOUN;театр_NOUN;;;салют_NOUN;театр_NOUN;;;развлечение_NOUN;0.75
казино_NOUN;фокус_NOUN;венец_NOUN;колонна_NOUN;соль_NOUN;Антарктида_PROPN;театр_NOUN;акт_NOUN;база_NOUN;палочка_NOUN;орел_NOUN;косяк_NOUN;падение_NOUN;экран_NOUN;стойка_NOUN;дракон_NOUN;колода_NOUN;проспект_NOUN;партия_NOUN;аппарат_NOUN;Германия_PROPN;коса_NOUN;заяц_NOUN;зуб_NOUN;голова_NOUN;казино_NOUN;театр_NOUN;;;казино_NOUN;театр_NOUN;;;развлечение_NOUN;0.75
диск_NOUN;замок_NOUN;брак_NOUN;няня_NOUN;осьминог_NOUN;Голливуд_PROPN;банк_NOUN;золото_NOUN;сантехник_NOUN;кольцо_NOUN;покров_NOUN;область_NOUN;экран_NOUN;платье_NOUN;бомба_NOUN;взгляд_NOUN;Мексика_PROPN;раковина_NOUN;бревно_NOUN;ангел_NOUN;пачка_NOUN;гриф_NOUN;волна_NOUN;лист_NOUN;боров_NOUN;замок_NOUN;банк_NOUN;;;замок_NOUN;покров_NOUN;;;здание_NOUN;0.15000000000000002
ударник_NOUN;полиция_NOUN;стрела_NOUN;Германия_PROPN;водолаз_NOUN;сердце_NOUN;кисть_NOUN;скат_NOUN;лес_NOUN;бревно_NOUN;миллионер_NOUN;солдат_NOUN;Сатурн_NOUN;батарея_NOUN;брак_NOUN;форма_NOUN;вор_NOUN;пистолет_NOUN;морковь_NOUN;привод_NOUN;мост_NOUN;подъем_NOUN;киви_NOUN;ссылка_NOUN;коса_NOUN;водолаз_NOUN;скат_NOUN;;;лес_NOUN;коса_NOUN;;;море_NOUN;0.0
паук_NOUN;мост_NOUN;концерт_NOUN;мышь_NOUN;налет_NOUN;кенгуру_NOUN;няня_NOUN;ясли_NOUN;небоскреб_NOUN;прокат_NOUN;кабинет_NOUN;Африка_PROPN;ключ_NOUN;прибор_NOUN;точка_NOUN;шпагат_NOUN;баня_NOUN;береза_NOUN;карта_NOUN;пояс_NOUN;ученый_NOUN;замок_NOUN;свет_NOUN;ствол_NOUN;труба_NOUN;паук_NOUN;мышь_NOUN;кенгуру_NOUN;;паук_NOUN;кенгуру_NOUN;мышь_NOUN;;животное_NOUN;0.95
Мексика_PROPN;аппарат_NOUN;венец_NOUN;род_NOUN;небоскреб_NOUN;блин_NOUN;раковина_NOUN;путь_NOUN;корабль_NOUN;круг_NOUN;колода_NOUN;червь_NOUN;король_NOUN;течение_NOUN;яд_NOUN;лев_NOUN;каша_NOUN;мотив_NOUN;сердце_NOUN;курс_NOUN;акт_NOUN;взгляд_NOUN;ангел_NOUN;рак_NOUN;агент_NOUN;венец_NOUN;род_NOUN;;;блин_NOUN;венец_NOUN;;;свадьба_NOUN;0.75
стопа_NOUN;бутылка_NOUN;снеговик_NOUN;боевик_NOUN;платье_NOUN;береза_NOUN;дума_NOUN;бумага_NOUN;бревно_NOUN;овсянка_NOUN;дятел_NOUN;кролик_NOUN;танец_NOUN;горн_NOUN;биржа_NOUN;доктор_NOUN;ударник_NOUN;область_NOUN;парашют_NOUN;театр_NOUN;прокат_NOUN;гриф_NOUN;жук_NOUN;течение_NOUN;обрез_NOUN;дума_NOUN;;;;биржа_NOUN;;;;биржа_NOUN;0.020000000000000004
почка_NOUN;стол_NOUN;скат_NOUN;канал_NOUN;Бермуды_NOUN;лазер_NOUN;нож_NOUN;шпион_NOUN;факел_NOUN;область_NOUN;диск_NOUN;дробь_NOUN;шар_NOUN;рулетка_NOUN;заноза_NOUN;посольство_NOUN;пилот_NOUN;бутылка_NOUN;крест_NOUN;секция_NOUN;гриф_NOUN;ясли_NOUN;эфир_NOUN;кавалер_NOUN;зона_NOUN;канал_NOUN;Бермуды_NOUN;;;бермуды_NOUN;посольство_NOUN;;;америка_PROPN;0.15000000000000002
паук_NOUN;Антарктида_PROPN;снеговик_NOUN;высота_NOUN;шар_NOUN;лук_NOUN;горло_NOUN;бочка_NOUN;частица_NOUN;проводник_NOUN;соль_NOUN;ссылка_NOUN;кавалер_NOUN;кролик_NOUN;утка_NOUN;Москва_PROPN;кошка_NOUN;водолаз_NOUN;урна_NOUN;дыра_NOUN;снаряд_NOUN;раковина_NOUN;зуб_NOUN;залог_NOUN;Австралия_PROPN;паук_NOUN;лук_NOUN;;;кошка_NOUN;кролик_NOUN;;;человек_NOUN;0.030000000000000006
крест_NOUN;боевик_NOUN;боров_NOUN;снаряд_NOUN;ведьма_NOUN;бокс_NOUN;ложе_NOUN;овсянка_NOUN;проказа_NOUN;труба_NOUN;линия_NOUN;жизнь_NOUN;пляж_NOUN;штат_NOUN;удел_NOUN;треугольник_NOUN;рыба_NOUN;машина_NOUN;супергерой_NOUN;верфь_NOUN;путь_NOUN;Лондон_PROPN;нож_NOUN;зона_NOUN;такса_NOUN;крест_NOUN;ведьма_NOUN;;;крест_NOUN;ведьма_NOUN;;;вера_NOUN;0.75
рак_NOUN;королева_NOUN;кулак_NOUN;порода_NOUN;голова_NOUN;кетчуп_NOUN;золото_NOUN;ясли_NOUN;бассейн_NOUN;салют_NOUN;покров_NOUN;игра_NOUN;институт_NOUN;пистолет_NOUN;жила_NOUN;заноза_NOUN;караул_NOUN;кость_NOUN;лес_NOUN;секрет_NOUN;вирус_NOUN;яд_NOUN;ниндзя_NOUN;вор_NOUN;треугольник_NOUN;королева_NOUN;золото_NOUN;;;золото_NOUN;секрет_NOUN;;;богатство_NOUN;0.22499999999999998
робот_NOUN;Европа_PROPN;повар_NOUN;фокус_NOUN;контрабандист_NOUN;наряд_NOUN;Байкал_NOUN;стадион_NOUN;кавалер_NOUN;танец_NOUN;Австралия_PROPN;перчатка_NOUN;опера_NOUN;лад_NOUN;пилот_NOUN;удел_NOUN;машина_NOUN;косяк_NOUN;зебра_NOUN;кокетка_NOUN;облом_NOUN;разворот_NOUN;гребень_NOUN;утка_NOUN;бутылка_NOUN;робот_NOUN;повар_NOUN;;;робот_NOUN;машина_NOUN;;;автоматизация_NOUN;0.15000000000000002
адвокат_NOUN;робот_NOUN;орган_NOUN;факел_NOUN;Олимп_NOUN;ерш_NOUN;прокат_NOUN;судьба_NOUN;курс_NOUN;парк_NOUN;предприниматель_NOUN;стрела_NOUN;палец_NOUN;подъем_NOUN;стадион_NOUN;лев_NOUN;полиция_NOUN;фокус_NOUN;хвост_NOUN;ключ_NOUN;рыцарь_NOUN;мед_NOUN;мотив_NOUN;осьминог_NOUN;операция_NOUN;адвокат_NOUN;прокат_NOUN;;;прокат_NOUN;предприниматель_NOUN;;;услуга_NOUN;0.15000000000000002
вертолет_NOUN;покров_NOUN;проказа_NOUN;няня_NOUN;Индия_PROPN;ясли_NOUN;орел_NOUN;Москва_PROPN;ерш_NOUN;стан_NOUN;брак_NOUN;станок_NOUN;овсянка_NOUN;биржа_NOUN;амфибия_NOUN;хвост_NOUN;предприниматель_NOUN;подкова_NOUN;кисть_NOUN;диск_NOUN;каша_NOUN;боевик_NOUN;бумага_NOUN;липа_NOUN;парк_NOUN;няня_NOUN;орел_NOUN;;;ясли_NOUN;проказа_NOUN;;;дети_NOUN;0.75
горло_NOUN;образование_NOUN;лейка_NOUN;телескоп_NOUN;лицо_NOUN;кран_NOUN;титан_NOUN;машина_NOUN;бык_NOUN;стул_NOUN;день_NOUN;киви_NOUN;рысь_NOUN;почка_NOUN;эфир_NOUN;ангел_NOUN;перемена_NOUN;помет_NOUN;смерть_NOUN;ключ_NOUN;лев_NOUN;декрет_NOUN;рейд_NOUN;театр_NOUN;стекло_NOUN;лейка_NOUN;кран_NOUN;;;лейка_NOUN;стул_NOUN;;;чайник_NOUN;0.15000000000000002
фига_NOUN;икра_NOUN;почка_NOUN;жизнь_NOUN;кость_NOUN;лошадь_NOUN;Египет_PROPN;панель_NOUN;мат_NOUN;колода_NOUN;вагон_NOUN;порода_NOUN;помет_NOUN;гигант_NOUN;береза_NOUN;боров_NOUN;волна_NOUN;судьба_NOUN;Бермуды_NOUN;война_NOUN;концерт_NOUN;нож_NOUN;норка_NOUN;знак_NOUN;Москва_PROPN;икра_NOUN;почка_NOUN;кость_NOUN;;почка_NOUN;кость_NOUN;бермуды_NOUN;;орган_NOUN;0.95
полиция_NOUN;больница_NOUN;снаряд_NOUN;венец_NOUN;луч_NOUN;лейка_NOUN;бочка_NOUN;шпагат_NOUN;крест_NOUN;лимузин_NOUN;нота_NOUN;казино_NOUN;гвоздь_NOUN;плата_NOUN;Бермуды_NOUN;сантехник_NOUN;осьминог_NOUN;сеть_NOUN;канал_NOUN;труба_NOUN;налет_NOUN;ступень_NOUN;экран_NOUN;кавалер_NOUN;микроскоп_NOUN;полиция_NOUN;снаряд_NOUN;;;кавалер_NOUN;снаряд_NOUN;;;война_NOUN;0.22499999999999998
болезнь_NOUN;корона_NOUN;лицо_NOUN;овсянка_NOUN;кол_NOUN;поле_NOUN;покров_NOUN;колода_NOUN;факел_NOUN;дух_NOUN;театр_NOUN;площадь_NOUN;пришелец_NOUN;место_NOUN;ниндзя_NOUN;бабочка_NOUN;коса_NOUN;горн_NOUN;пирамида_NOUN;пол_NOUN;шар_NOUN;частица_NOUN;диск_NOUN;червь_NOUN;водолаз_NOUN;овсянка_NOUN;поле_NOUN;;;овсянка_NOUN;червь_NOUN;;;каша_NOUN;0.22499999999999998
мушка_NOUN;порода_NOUN;струна_NOUN;камера_NOUN;концерт_NOUN;принцесса_NOUN;повар_NOUN;запад_NOUN;век_NOUN;стойка_NOUN;Лондон_PROPN;верфь_NOUN;стол_NOUN;проказа_NOUN;рак_NOUN;учитель_NOUN;проводник_NOUN;сила_NOUN;пилот_NOUN;рысь_NOUN;паук_NOUN;агент_NOUN;яд_NOUN;блок_NOUN;команда_NOUN;концерт_NOUN;принцесса_NOUN;;;концерт_NOUN;принцесса_NOUN;;;бал_NOUN;0.75
Пушкин_PROPN;киви_NOUN;почка_NOUN;игла_NOUN;нож_NOUN;кора_NOUN;солдат_NOUN;палата_NOUN;пачка_NOUN;кавалер_NOUN;дятел_NOUN;золото_NOUN;перо_NOUN;морковь_NOUN;бар_NOUN;тур_NOUN;рубашка_NOUN;дробь_NOUN;ударник_NOUN;форма_NOUN;опера_NOUN;мороженое_NOUN;мед_NOUN;ботинок_NOUN;ступень_NOUN;игла_NOUN;палата_NOUN;;;мед_NOUN;палата_NOUN;;;врач_NOUN;0.22499999999999998
агент_NOUN;сердце_NOUN;рыба_NOUN;обрез_NOUN;барьер_NOUN;пробка_NOUN;вертолет_NOUN;нота_NOUN;автомат_NOUN;мороженое_NOUN;рог_NOUN;лицо_NOUN;диск_NOUN;кенгуру_NOUN;сантехник_NOUN;бумага_NOUN;кулак_NOUN;церковь_NOUN;камера_NOUN;норка_NOUN;мир_NOUN;раствор_NOUN;сила_NOUN;липа_NOUN;вилка_NOUN;пробка_NOUN;вертолет_NOUN;;;вертолет_NOUN;пробка_NOUN;;;транспорт_NOUN;0.75
яд_NOUN;Индия_PROPN;больница_NOUN;область_NOUN;залог_NOUN;Рим_PROPN;мед_NOUN;крошка_NOUN;Сатурн_NOUN;знак_NOUN;порода_NOUN;право_NOUN;Франция_PROPN;ствол_NOUN;полиция_NOUN;помет_NOUN;глаз_NOUN;груша_NOUN;секция_NOUN;единорог_NOUN;вагон_NOUN;гранат_NOUN;строй_NOUN;парк_NOUN;адвокат_NOUN;Индия_PROPN;область_NOUN;Рим_PROPN;;индия_PROPN;область_NOUN;право_NOUN;;география_NOUN;0.19
налет_NOUN;гранат_NOUN;горн_NOUN;диск_NOUN;десна_NOUN;пояс_NOUN;прибор_NOUN;венец_NOUN;бочка_NOUN;лазер_NOUN;ученый_NOUN;корона_NOUN;кролик_NOUN;пол_NOUN;номер_NOUN;кол_NOUN;среда_NOUN;рыба_NOUN;гриф_NOUN;Байкал_NOUN;мат_NOUN;икра_NOUN;масса_NOUN;трава_NOUN;Германия_PROPN;налет_NOUN;десна_NOUN;;;десна_NOUN;ученый_NOUN;;;стоматолог_NOUN;0.15000000000000002
стопа_NOUN;лошадь_NOUN;игла_NOUN;колода_NOUN;мелочь_NOUN;брак_NOUN;нож_NOUN;образ_NOUN;место_NOUN;сеть_NOUN;палочка_NOUN;пачка_NOUN;рукав_NOUN;Европа_PROPN;отель_NOUN;воздух_NOUN;перо_NOUN;кит_NOUN;ствол_NOUN;порода_NOUN;земля_NOUN;небоскреб_NOUN;призрак_NOUN;секция_NOUN;пирамида_NOUN;стопа_NOUN;лошадь_NOUN;;;лошадь_NOUN;стопа_NOUN;;;копыто_NOUN;0.75
зебра_NOUN;залог_NOUN;пилот_NOUN;кетчуп_NOUN;ацтек_NOUN;карта_NOUN;тарелка_NOUN;кость_NOUN;биржа_NOUN;палата_NOUN;киви_NOUN;кольцо_NOUN;кролик_NOUN;миллионер_NOUN;огонь_NOUN;замок_NOUN;полис_NOUN;утконос_NOUN;динозавр_NOUN;разворот_NOUN;точка_NOUN;скат_NOUN;блин_NOUN;платье_NOUN;номер_NOUN;пилот_NOUN;карта_NOUN;;;разворот_NOUN;карта_NOUN;;;путешествие_NOUN;0.22499999999999998
мороженое_NOUN;танец_NOUN;колонна_NOUN;заноза_NOUN;мушка_NOUN;секрет_NOUN;гений_NOUN;снеговик_NOUN;кадр_NOUN;стадион_NOUN;тур_NOUN;орган_NOUN;Франция_PROPN;право_NOUN;рог_NOUN;пассаж_NOUN;липа_NOUN;поток_NOUN;башня_NOUN;водолаз_NOUN;палата_NOUN;скат_NOUN;вид_NOUN;ссылка_NOUN;Токио_PROPN;мороженое_NOUN;снеговик_NOUN;;;снеговик_NOUN;мороженое_NOUN;;;холод_NOUN;0.75
бокс_NOUN;порода_NOUN;Франция_PROPN;Олимп_NOUN;сила_NOUN;разворот_NOUN;мотив_NOUN;стол_NOUN;проспект_NOUN;вал_NOUN;день_NOUN;площадь_NOUN;подкова_NOUN;нож_NOUN;аппарат_NOUN;пирамида_NOUN;Антарктида_PROPN;банк_NOUN;баня_NOUN;тур_NOUN;липа_NOUN;гранат_NOUN;бревно_NOUN;ветер_NOUN;мед_NOUN;Франция_PROPN;Олимп_NOUN;сила_NOUN;;тур_NOUN;олимп_NOUN;антарктида_PROPN;;олимпиада_NOUN;0.285
автомат_NOUN;пират_NOUN;десна_NOUN;горло_NOUN;наряд_NOUN;земля_NOUN;операция_NOUN;урна_NOUN;дыра_NOUN;кисть_NOUN;игла_NOUN;край_NOUN;контрабандист_NOUN;судьба_NOUN;лад_NOUN;голова_NOUN;Олимп_NOUN;вертолет_NOUN;биржа_NOUN;ниндзя_NOUN;скат_NOUN;пассаж_NOUN;горн_NOUN;эльф_NOUN;телескоп_NOUN;десна_NOUN;горло_NOUN;операция_NOUN;;операция_NOUN;кисть_NOUN;горло_NOUN;;хирургия_NOUN;0.19
платье_NOUN;Греция_PROPN;фига_NOUN;образование_NOUN;рок_NOUN;Франция_PROPN;яблоко_NOUN;золото_NOUN;курс_NOUN;кол_NOUN;эльф_NOUN;перевод_NOUN;кран_NOUN;пингвин_NOUN;гранат_NOUN;липа_NOUN;покров_NOUN;шуба_NOUN;круг_NOUN;среда_NOUN;профиль_NOUN;банк_NOUN;порода_NOUN;кадр_NOUN;гвоздь_NOUN;Греция_PROPN;образование_NOUN;Франция_PROPN;;профиль_NOUN;курс_NOUN;круг_NOUN;;география_NOUN;0.0
ссылка_NOUN;палочка_NOUN;жила_NOUN;эльф_NOUN;небоскреб_NOUN;игра_NOUN;вода_NOUN;секция_NOUN;палец_NOUN;линия_NOUN;дракон_NOUN;ласка_NOUN;Франция_PROPN;ерш_NOUN;Египет_PROPN;крошка_NOUN;стрела_NOUN;снаряд_NOUN;Индия_PROPN;ботинок_NOUN;наряд_NOUN;горн_NOUN;машина_NOUN;свидетель_NOUN;кадр_NOUN;небоскреб_NOUN;;;;снаряд_NOUN;;;;парашют_NOUN;0.020000000000000004
время_NOUN;рок_NOUN;такса_NOUN;игра_NOUN;секрет_NOUN;смерть_NOUN;бочка_NOUN;мед_NOUN;клетка_NOUN;палец_NOUN;небоскреб_NOUN;Берлин_PROPN;стан_NOUN;король_NOUN;осьминог_NOUN;Германия_PROPN;вертолет_NOUN;игла_NOUN;рулетка_NOUN;золото_NOUN;казино_NOUN;мелочь_NOUN;штат_NOUN;раковина_NOUN;урна_NOUN;бочка_NOUN;мед_NOUN;;;мед_NOUN;мелочь_NOUN;;;сладость_NOUN;0.22499999999999998
воздух_NOUN;журавль_NOUN;Байкал_NOUN;больница_NOUN;лимузин_NOUN;рак_NOUN;фокус_NOUN;танец_NOUN;стойка_NOUN;сердце_NOUN;доктор_NOUN;декрет_NOUN;облом_NOUN;лист_NOUN;груша_NOUN;поле_NOUN;гриф_NOUN;концерт_NOUN;вагон_NOUN;бабочка_NOUN;парк_NOUN;узел_NOUN;корабль_NOUN;Австралия_PROPN;глаз_NOUN;воздух_NOUN;Байкал_NOUN;;;воздух_NOUN;танец_NOUN;;;стихия_NOUN;0.75
вал_NOUN;покров_NOUN;журавль_NOUN;динозавр_NOUN;Египет_PROPN;Голливуд_PROPN;право_NOUN;бык_NOUN;пассаж_NOUN;посольство_NOUN;зона_NOUN;жила_NOUN;королева_NOUN;Сатурн_NOUN;прокат_NOUN;эфир_NOUN;башня_NOUN;раствор_NOUN;земля_NOUN;Европа_PROPN;золото_NOUN;икра_NOUN;знак_NOUN;война_NOUN;язык_NOUN;журавль_NOUN;динозавр_NOUN;;;динозавр_NOUN;бык_NOUN;;;животное_NOUN;0.75
орган_NOUN;стрела_NOUN;туба_NOUN;земля_NOUN;время_NOUN;плата_NOUN;сердце_NOUN;диск_NOUN;центр_NOUN;рукав_NOUN;акт_NOUN;дума_NOUN;пират_NOUN;Рим_PROPN;бар_NOUN;бык_NOUN;овсянка_NOUN;кол_NOUN;миллионер_NOUN;пистолет_NOUN;аппарат_NOUN;масло_NOUN;Голливуд_PROPN;голова_NOUN;автомат_NOUN;время_NOUN;плата_NOUN;;;миллионер_NOUN;плата_NOUN;;;деньги_NOUN;0.22499999999999998
зона_NOUN;перо_NOUN;предприниматель_NOUN;Лондон_PROPN;крест_NOUN;вода_NOUN;ниндзя_NOUN;Азия_PROPN;стойка_NOUN;дракон_NOUN;Европа_PROPN;высота_NOUN;побег_NOUN;гриф_NOUN;стул_NOUN;трава_NOUN;падение_NOUN;бык_NOUN;плата_NOUN;такса_NOUN;Байкал_NOUN;танец_NOUN;точка_NOUN;право_NOUN;пришелец_NOUN;предприниматель_NOUN;ниндзя_NOUN;;;предприниматель_NOUN;пришелец_NOUN;;;человек_NOUN;0.22499999999999998
мушка_NOUN;рысь_NOUN;мышь_NOUN;знак_NOUN;Греция_PROPN;микроскоп_NOUN;почка_NOUN;флейта_NOUN;пара_NOUN;фига_NOUN;хлопок_NOUN;высота_NOUN;секция_NOUN;помет_NOUN;бык_NOUN;дама_NOUN;динозавр_NOUN;поток_NOUN;полиция_NOUN;якорь_NOUN;машина_NOUN;станок_NOUN;гвоздь_NOUN;тарелка_NOUN;мост_NOUN;рысь_NOUN;мышь_NOUN;;;помет_NOUN;динозавр_NOUN;;;самка_NOUN;0.030000000000000006
совет_NOUN;лад_NOUN;мышь_NOUN;овсянка_NOUN;дума_NOUN;земля_NOUN;образование_NOUN;снег_NOUN;секция_NOUN;рок_NOUN;десна_NOUN;Австралия_PROPN;ссылка_NOUN;шар_NOUN;утка_NOUN;рак_NOUN;кошка_NOUN;глаз_NOUN;сердце_NOUN;команда_NOUN;небоскреб_NOUN;Америка_PROPN;труба_NOUN;мороженое_NOUN;кольцо_NOUN;совет_NOUN;дума_NOUN;;;дума_NOUN;образование_NOUN;;;государственный_ADJ;0.75
утконос_NOUN;королева_NOUN;крошка_NOUN;наряд_NOUN;строй_NOUN;полиция_NOUN;колонна_NOUN;платье_NOUN;вид_NOUN;утка_NOUN;масло_NOUN;порода_NOUN;билет_NOUN;образование_NOUN;путь_NOUN;мед_NOUN;мелочь_NOUN;состав_NOUN;образ_NOUN;вода_NOUN;ведьма_NOUN;пляж_NOUN;секрет_NOUN;свидетель_NOUN;посольство_NOUN;наряд_NOUN;платье_NOUN;;;платье_NOUN;наряд_NOUN;;;одежда_NOUN;0.75
стрела_NOUN;зебра_NOUN;доктор_NOUN;банк_NOUN;казино_NOUN;свет_NOUN;лейка_NOUN;блин_NOUN;кролик_NOUN;урна_NOUN;дух_NOUN;стекло_NOUN;ударник_NOUN;экран_NOUN;перемена_NOUN;косяк_NOUN;ссылка_NOUN;снег_NOUN;сила_NOUN;Греция_PROPN;бомба_NOUN;альбом_NOUN;кабинет_NOUN;плата_NOUN;форма_NOUN;банк_NOUN;казино_NOUN;;;кабинет_NOUN;урна_NOUN;;;здание_NOUN;0.045
дятел_NOUN;бомба_NOUN;шпион_NOUN;рак_NOUN;форма_NOUN;бар_NOUN;снеговик_NOUN;налет_NOUN;норка_NOUN;король_NOUN;полис_NOUN;верфь_NOUN;залог_NOUN;прокат_NOUN;трава_NOUN;пирамида_NOUN;стойка_NOUN;стрела_NOUN;путь_NOUN;курс_NOUN;мелочь_NOUN;дракон_NOUN;база_NOUN;Олимп_NOUN;пингвин_NOUN;дятел_NOUN;рак_NOUN;;;дракон_NOUN;пингвин_NOUN;;;животное_NOUN;0.06749999999999999
бар_NOUN;проводник_NOUN;мелочь_NOUN;образование_NOUN;линия_NOUN;единорог_NOUN;время_NOUN;боевик_NOUN;гранат_NOUN;рысь_NOUN;форма_NOUN;станок_NOUN;небоскреб_NOUN;вес_NOUN;рок_NOUN;рог_NOUN;автомат_NOUN;перо_NOUN;соль_NOUN;сердце_NOUN;отель_NOUN;масса_NOUN;треугольник_NOUN;проспект_NOUN;гений_NOUN;мелочь_NOUN;время_NOUN;;;автомат_NOUN;мелочь_NOUN;;;деньги_NOUN;0.15000000000000002
нота_NOUN;декрет_NOUN;туба_NOUN;яд_NOUN;Рим_PROPN;треугольник_NOUN;пачка_NOUN;салют_NOUN;сеть_NOUN;робот_NOUN;шуба_NOUN;яблоко_NOUN;лед_NOUN;удел_NOUN;доктор_NOUN;волна_NOUN;якорь_NOUN;солдат_NOUN;хвост_NOUN;лес_NOUN;вода_NOUN;Индия_PROPN;динозавр_NOUN;блок_NOUN;альбом_NOUN;яд_NOUN;пачка_NOUN;;;яд_NOUN;вода_NOUN;;;никотин_NOUN;0.22499999999999998
бумага_NOUN;небоскреб_NOUN;гвоздь_NOUN;канал_NOUN;бар_NOUN;ниндзя_NOUN;высота_NOUN;груша_NOUN;опера_NOUN;сантехник_NOUN;вертолет_NOUN;механизм_NOUN;театр_NOUN;нож_NOUN;бык_NOUN;колода_NOUN;галоп_NOUN;совет_NOUN;лазер_NOUN;стул_NOUN;ласка_NOUN;стена_NOUN;развод_NOUN;боевик_NOUN;звезда_NOUN;бар_NOUN;ниндзя_NOUN;;;груша_NOUN;бар_NOUN;;;мятный_ADJ;0.75
лейка_NOUN;перо_NOUN;Франция_PROPN;мотив_NOUN;пират_NOUN;агент_NOUN;парк_NOUN;орган_NOUN;ложе_NOUN;область_NOUN;подъем_NOUN;земля_NOUN;снаряд_NOUN;норка_NOUN;ведьма_NOUN;привод_NOUN;брак_NOUN;зона_NOUN;Сатурн_NOUN;гигант_NOUN;побег_NOUN;хвост_NOUN;болезнь_NOUN;мат_NOUN;частица_NOUN;Франция_PROPN;мотив_NOUN;;;франция_PROPN;пират_NOUN;;;марсельеза_NOUN;0.75
принцесса_NOUN;побег_NOUN;голова_NOUN;лев_NOUN;операция_NOUN;гриф_NOUN;Азия_PROPN;состав_NOUN;развод_NOUN;театр_NOUN;жук_NOUN;почка_NOUN;ветер_NOUN;путь_NOUN;ложе_NOUN;ботинок_NOUN;спутник_NOUN;биржа_NOUN;призрак_NOUN;лазер_NOUN;шар_NOUN;вес_NOUN;залог_NOUN;образ_NOUN;бык_NOUN;побег_NOUN;операция_NOUN;;;побег_NOUN;принцесса_NOUN;;;тюрьма_NOUN;0.75
Америка_PROPN;взгляд_NOUN;ветер_NOUN;запах_NOUN;стан_NOUN;башня_NOUN;Лондон_PROPN;соль_NOUN;боров_NOUN;свидетель_NOUN;курс_NOUN;пара_NOUN;пришелец_NOUN;карлик_NOUN;червь_NOUN;флейта_NOUN;пират_NOUN;гриф_NOUN;разворот_NOUN;область_NOUN;динозавр_NOUN;гребень_NOUN;блок_NOUN;парашют_NOUN;лист_NOUN;башня_NOUN;Лондон_PROPN;;;гребень_NOUN;башня_NOUN;;;высота_NOUN;0.22499999999999998
король_NOUN;дятел_NOUN;война_NOUN;машина_NOUN;косяк_NOUN;мир_NOUN;Урал_NOUN;парашют_NOUN;Юпитер_NOUN;утка_NOUN;кол_NOUN;флейта_NOUN;вирус_NOUN;шар_NOUN;горло_NOUN;стул_NOUN;крест_NOUN;блин_NOUN;тарелка_NOUN;такса_NOUN;Рим_PROPN;повар_NOUN;каша_NOUN;дама_NOUN;бык_NOUN;король_NOUN;война_NOUN;;;король_NOUN;рим_PROPN;;;власть_NOUN;0.75
призрак_NOUN;Москва_PROPN;свет_NOUN;яблоко_NOUN;биржа_NOUN;колонна_NOUN;киви_NOUN;запад_NOUN;дракон_NOUN;Австралия_PROPN;жила_NOUN;вертолет_NOUN;орел_NOUN;стадион_NOUN;гигант_NOUN;пилот_NOUN;свидетель_NOUN;лама_NOUN;предприниматель_NOUN;номер_NOUN;предложение_NOUN;состав_NOUN;посольство_NOUN;лазер_NOUN;вид_NOUN;Москва_PROPN;запад_NOUN;;;запад_NOUN;дракон_NOUN;;;война_NOUN;0.0
ведьма_NOUN;бомба_NOUN;вождь_NOUN;сеть_NOUN;танец_NOUN;яд_NOUN;сантехник_NOUN;гранат_NOUN;команда_NOUN;концерт_NOUN;судьба_NOUN;агент_NOUN;амфибия_NOUN;вал_NOUN;ссылка_NOUN;Африка_PROPN;киви_NOUN;тарелка_NOUN;привод_NOUN;эфир_NOUN;туба_NOUN;ангел_NOUN;Бермуды_NOUN;удел_NOUN;край_NOUN;ведьма_NOUN;яд_NOUN;;;ведьма_NOUN;вождь_NOUN;;;женщина_NOUN;0.75
механизм_NOUN;состав_NOUN;хвост_NOUN;лев_NOUN;Азия_PROPN;рак_NOUN;поле_NOUN;рулетка_NOUN;театр_NOUN;Пушкин_PROPN;бревно_NOUN;крыло_NOUN;крест_NOUN;кол_NOUN;учитель_NOUN;проказа_NOUN;пришелец_NOUN;частица_NOUN;каша_NOUN;танец_NOUN;телескоп_NOUN;камень_NOUN;стрела_NOUN;Лондон_PROPN;ствол_NOUN;лев_NOUN;рак_NOUN;;;пришелец_NOUN;лев_NOUN;;;животное_NOUN;0.15000000000000002
боевик_NOUN;больница_NOUN;колонна_NOUN;Антарктида_PROPN;кролик_NOUN;титан_NOUN;стена_NOUN;береза_NOUN;бочка_NOUN;кольцо_NOUN;орган_NOUN;горн_NOUN;ласка_NOUN;кетчуп_NOUN;масло_NOUN;наряд_NOUN;блок_NOUN;институт_NOUN;Китай_PROPN;пилот_NOUN;круг_NOUN;игра_NOUN;бревно_NOUN;сантехник_NOUN;сеть_NOUN;больница_NOUN;стена_NOUN;;;стена_NOUN;колонна_NOUN;;;здание_NOUN;0.75
Пекин_PROPN;поток_NOUN;банк_NOUN;шпион_NOUN;билет_NOUN;вождь_NOUN;стул_NOUN;курс_NOUN;шоколад_NOUN;кисть_NOUN;палец_NOUN;лимузин_NOUN;липа_NOUN;спутник_NOUN;гранат_NOUN;обрез_NOUN;пингвин_NOUN;предложение_NOUN;секрет_NOUN;перчатка_NOUN;струна_NOUN;шар_NOUN;течение_NOUN;полис_NOUN;парашют_NOUN;шпион_NOUN;вождь_NOUN;;;курс_NOUN;билет_NOUN;;;профессия_NOUN;0.75
яблоко_NOUN;амфибия_NOUN;брак_NOUN;ночь_NOUN;совет_NOUN;ботинок_NOUN;тарелка_NOUN;треугольник_NOUN;мелочь_NOUN;ветер_NOUN;Англия_PROPN;блин_NOUN;Пекин_PROPN;прокат_NOUN;вода_NOUN;рыба_NOUN;кулак_NOUN;Альпы_NOUN;покров_NOUN;ученый_NOUN;баня_NOUN;образ_NOUN;повар_NOUN;миллионер_NOUN;стекло_NOUN;брак_NOUN;ночь_NOUN;;;брак_NOUN;повар_NOUN;;;свадьба_NOUN;0.22499999999999998
корона_NOUN;бокс_NOUN;удел_NOUN;зона_NOUN;рог_NOUN;тур_NOUN;вертолет_NOUN;мелочь_NOUN;залог_NOUN;небоскреб_NOUN;бумага_NOUN;судьба_NOUN;заноза_NOUN;гений_NOUN;Мексика_PROPN;дух_NOUN;нота_NOUN;жила_NOUN;парк_NOUN;динозавр_NOUN;горло_NOUN;прокат_NOUN;соль_NOUN;кошка_NOUN;дробь_NOUN;рог_NOUN;тур_NOUN;;;рог_NOUN;кошка_NOUN;;;бык_NOUN;0.22499999999999998
аппарат_NOUN;палата_NOUN;волна_NOUN;сердце_NOUN;вал_NOUN;адвокат_NOUN;стол_NOUN;учитель_NOUN;номер_NOUN;лимузин_NOUN;машина_NOUN;разворот_NOUN;штат_NOUN;Альпы_NOUN;лист_NOUN;бревно_NOUN;обрез_NOUN;осьминог_NOUN;перевод_NOUN;венец_NOUN;билет_NOUN;дух_NOUN;банк_NOUN;болезнь_NOUN;стопа_NOUN;палата_NOUN;адвокат_NOUN;;;адвокат_NOUN;палата_NOUN;;;суд_NOUN;0.75
корона_NOUN;автомат_NOUN;кентавр_NOUN;Европа_PROPN;запах_NOUN;механизм_NOUN;почка_NOUN;жила_NOUN;образование_NOUN;свет_NOUN;посольство_NOUN;камень_NOUN;совет_NOUN;дракон_NOUN;лес_NOUN;урна_NOUN;ссылка_NOUN;строй_NOUN;акт_NOUN;круг_NOUN;горн_NOUN;частица_NOUN;телескоп_NOUN;секрет_NOUN;снег_NOUN;автомат_NOUN;механизм_NOUN;;;автомат_NOUN;дракон_NOUN;;;оружие_NOUN;0.15000000000000002
заяц_NOUN;время_NOUN;Юпитер_NOUN;ветер_NOUN;помет_NOUN;стан_NOUN;кавалер_NOUN;король_NOUN;рысь_NOUN;ведьма_NOUN;вес_NOUN;игра_NOUN;крошка_NOUN;якорь_NOUN;норка_NOUN;принцесса_NOUN;высота_NOUN;титан_NOUN;секрет_NOUN;баня_NOUN;канал_NOUN;нож_NOUN;груша_NOUN;платье_NOUN;ствол_NOUN;время_NOUN;король_NOUN;;;король_NOUN;юпитер_NOUN;;;правление_NOUN;0.75
осьминог_NOUN;лад_NOUN;диск_NOUN;солдат_NOUN;салют_NOUN;пингвин_NOUN;камера_NOUN;Лондон_PROPN;ствол_NOUN;стадион_NOUN;косяк_NOUN;концерт_NOUN;рыба_NOUN;панель_NOUN;венец_NOUN;пилот_NOUN;запах_NOUN;вирус_NOUN;стрела_NOUN;ссылка_NOUN;воздух_NOUN;запад_NOUN;Бермуды_NOUN;вода_NOUN;лес_NOUN;солдат_NOUN;салют_NOUN;;;салют_NOUN;стадион_NOUN;;;победа_NOUN;0.15000000000000002
посольство_NOUN;кокетка_NOUN;утка_NOUN;бумага_NOUN;экран_NOUN;Антарктида_PROPN;рулетка_NOUN;пилот_NOUN;билет_NOUN;прокат_NOUN;падение_NOUN;киви_NOUN;тур_NOUN;телескоп_NOUN;перевод_NOUN;ссылка_NOUN;боевик_NOUN;институт_NOUN;бар_NOUN;среда_NOUN;раствор_NOUN;судьба_NOUN;рыба_NOUN;Голливуд_PROPN;крошка_NOUN;утка_NOUN;Антарктида_PROPN;;;антарктида_PROPN;утка_NOUN;;;пингвин_NOUN;0.75
палата_NOUN;береза_NOUN;карлик_NOUN;няня_NOUN;точка_NOUN;кошка_NOUN;глаз_NOUN;болезнь_NOUN;Сатурн_NOUN;Олимп_NOUN;штат_NOUN;нож_NOUN;звезда_NOUN;заноза_NOUN;крошка_NOUN;облом_NOUN;камера_NOUN;Байкал_NOUN;перчатка_NOUN;морковь_NOUN;вилка_NOUN;кость_NOUN;луч_NOUN;хвост_NOUN;осьминог_NOUN;палата_NOUN;болезнь_NOUN;;;палата_NOUN;болезнь_NOUN;;;поликлиника_NOUN;0.75
Атлантида_NOUN;профиль_NOUN;пляж_NOUN;линия_NOUN;зона_NOUN;прибор_NOUN;рак_NOUN;пирамида_NOUN;стопа_NOUN;король_NOUN;вагон_NOUN;проводник_NOUN;штат_NOUN;няня_NOUN;область_NOUN;салют_NOUN;учитель_NOUN;Рим_PROPN;Индия_PROPN;Европа_PROPN;галоп_NOUN;перчатка_NOUN;поток_NOUN;канал_NOUN;развод_NOUN;пляж_NOUN;линия_NOUN;;;линия_NOUN;пирамида_NOUN;;;горизонт_NOUN;0.75
боров_NOUN;ключ_NOUN;опера_NOUN;наряд_NOUN;мост_NOUN;залог_NOUN;клетка_NOUN;ведьма_NOUN;пробка_NOUN;стекло_NOUN;посольство_NOUN;дума_NOUN;газ_NOUN;свет_NOUN;облом_NOUN;батарея_NOUN;утконос_NOUN;век_NOUN;треугольник_NOUN;венец_NOUN;блин_NOUN;род_NOUN;призрак_NOUN;груша_NOUN;голова_NOUN;клетка_NOUN;ведьма_NOUN;;;посольство_NOUN;ведьма_NOUN;;;тюрьма_NOUN;0.15000000000000002
вождь_NOUN;подкова_NOUN;эфир_NOUN;ангел_NOUN;фига_NOUN;площадь_NOUN;бокс_NOUN;снег_NOUN;крест_NOUN;запад_NOUN;шпагат_NOUN;луч_NOUN;карта_NOUN;Москва_PROPN;перчатка_NOUN;ведьма_NOUN;вилка_NOUN;лошадь_NOUN;крыло_NOUN;небоскреб_NOUN;луна_NOUN;яд_NOUN;альбом_NOUN;плата_NOUN;червь_NOUN;фига_NOUN;бокс_NOUN;;;подкова_NOUN;крыло_NOUN;;;кулак_NOUN;0.22499999999999998
кора_NOUN;течение_NOUN;няня_NOUN;ясли_NOUN;Сатурн_NOUN;состав_NOUN;смерть_NOUN;жила_NOUN;киви_NOUN;баня_NOUN;Атлантида_NOUN;пират_NOUN;кадр_NOUN;шоколад_NOUN;Лондон_PROPN;воздух_NOUN;урна_NOUN;стул_NOUN;проказа_NOUN;снаряд_NOUN;машина_NOUN;земля_NOUN;площадь_NOUN;амфибия_NOUN;концерт_NOUN;Сатурн_NOUN;смерть_NOUN;;;атлантида_NOUN;пират_NOUN;;;аид_NOUN;0.15000000000000002
секция_NOUN;блок_NOUN;спутник_NOUN;падение_NOUN;побег_NOUN;ствол_NOUN;пират_NOUN;время_NOUN;облом_NOUN;состав_NOUN;штат_NOUN;учитель_NOUN;заяц_NOUN;золото_NOUN;гигант_NOUN;собака_NOUN;глаз_NOUN;проспект_NOUN;площадь_NOUN;король_NOUN;образование_NOUN;Атлантида_NOUN;каша_NOUN;смерть_NOUN;жила_NOUN;секция_NOUN;блок_NOUN;;;блок_NOUN;атлантида_NOUN;;;разбиение_NOUN;0.75
салют_NOUN;перо_NOUN;диск_NOUN;шпагат_NOUN;Сатурн_NOUN;налет_NOUN;орган_NOUN;церковь_NOUN;гвоздь_NOUN;снаряд_NOUN;мат_NOUN;камера_NOUN;Африка_PROPN;труба_NOUN;перемена_NOUN;Атлантида_NOUN;лист_NOUN;урна_NOUN;Голливуд_PROPN;бокс_NOUN;сердце_NOUN;кисть_NOUN;корона_NOUN;учитель_NOUN;клетка_NOUN;Сатурн_NOUN;церковь_NOUN;;;церковь_NOUN;атлантида_NOUN;;;религия_NOUN;0.75
газ_NOUN;вид_NOUN;биржа_NOUN;кулак_NOUN;машина_NOUN;хлопок_NOUN;штат_NOUN;обрез_NOUN;стан_NOUN;микроскоп_NOUN;знак_NOUN;право_NOUN;стена_NOUN;игра_NOUN;вагон_NOUN;партия_NOUN;карлик_NOUN;король_NOUN;кисть_NOUN;Мексика_PROPN;Альпы_NOUN;почка_NOUN;Лондон_PROPN;Африка_PROPN;порода_NOUN;машина_NOUN;хлопок_NOUN;;;машина_NOUN;микроскоп_NOUN;;;станок_NOUN;0.15000000000000002
бутылка_NOUN;Бермуды_NOUN;день_NOUN;концерт_NOUN;дух_NOUN;газ_NOUN;червь_NOUN;лазер_NOUN;точка_NOUN;салют_NOUN;язык_NOUN;повар_NOUN;война_NOUN;разворот_NOUN;лед_NOUN;стена_NOUN;урна_NOUN;утконос_NOUN;собака_NOUN;Пушкин_PROPN;покров_NOUN;зона_NOUN;среда_NOUN;удел_NOUN;мотив_NOUN;бутылка_NOUN;Бермуды_NOUN;;;салют_NOUN;лед_NOUN;;;кораблик_NOUN;0.030000000000000006
блин_NOUN;панель_NOUN;кенгуру_NOUN;динозавр_NOUN;клетка_NOUN;аппарат_NOUN;хлопок_NOUN;игра_NOUN;корона_NOUN;лук_NOUN;курс_NOUN;палочка_NOUN;перевод_NOUN;знак_NOUN;пилот_NOUN;каша_NOUN;гранат_NOUN;супергерой_NOUN;контрабандист_NOUN;стан_NOUN;посольство_NOUN;перемена_NOUN;дума_NOUN;зуб_NOUN;воздух_NOUN;кенгуру_NOUN;динозавр_NOUN;;;динозавр_NOUN;кенгуру_NOUN;;;животное_NOUN;0.75
кокетка_NOUN;лист_NOUN;пришелец_NOUN;пистолет_NOUN;кол_NOUN;Азия_PROPN;хвост_NOUN;горн_NOUN;танец_NOUN;театр_NOUN;парк_NOUN;овсянка_NOUN;диск_NOUN;король_NOUN;прокат_NOUN;масса_NOUN;стол_NOUN;декрет_NOUN;вирус_NOUN;повар_NOUN;лимузин_NOUN;Китай_PROPN;игла_NOUN;скат_NOUN;собака_NOUN;кол_NOUN;хвост_NOUN;;;хвост_NOUN;лист_NOUN;;;длинный_ADJ;0.75
проказа_NOUN;подкова_NOUN;собака_NOUN;Германия_PROPN;время_NOUN;липа_NOUN;поле_NOUN;игра_NOUN;дятел_NOUN;киви_NOUN;принцесса_NOUN;вор_NOUN;огонь_NOUN;Сатурн_NOUN;панель_NOUN;жизнь_NOUN;повар_NOUN;жук_NOUN;образование_NOUN;утка_NOUN;масло_NOUN;рог_NOUN;венец_NOUN;замок_NOUN;вирус_NOUN;поле_NOUN;игра_NOUN;;;игра_NOUN;поле_NOUN;;;футбол_NOUN;0.75
бокс_NOUN;лист_NOUN;точка_NOUN;кенгуру_NOUN;хлопок_NOUN;Австралия_PROPN;стул_NOUN;век_NOUN;лев_NOUN;полиция_NOUN;утконос_NOUN;снаряд_NOUN;золото_NOUN;вода_NOUN;трава_NOUN;ерш_NOUN;Африка_PROPN;стрела_NOUN;стена_NOUN;масса_NOUN;пират_NOUN;стол_NOUN;база_NOUN;кисть_NOUN;форма_NOUN;кенгуру_NOUN;Австралия_PROPN;;;африка_PROPN;австралия_PROPN;;;экзотика_NOUN;0.75
мотив_NOUN;предложение_NOUN;путь_NOUN;косяк_NOUN;посольство_NOUN;ведьма_NOUN;снеговик_NOUN;спутник_NOUN;вал_NOUN;стол_NOUN;центр_NOUN;принцесса_NOUN;Лондон_PROPN;больница_NOUN;рулетка_NOUN;морковь_NOUN;казино_NOUN;стан_NOUN;телескоп_NOUN;театр_NOUN;мушка_NOUN;осьминог_NOUN;курс_NOUN;Голливуд_PROPN;стена_NOUN;ведьма_NOUN;снеговик_NOUN;;;принцесса_NOUN;снеговик_NOUN;;;сказка_NOUN;0.15000000000000002
игра_NOUN;кадр_NOUN;вагон_NOUN;кол_NOUN;Олимп_NOUN;барьер_NOUN;вид_NOUN;смерть_NOUN;вождь_NOUN;жила_NOUN;команда_NOUN;масло_NOUN;рукав_NOUN;луч_NOUN;скат_NOUN;Берлин_PROPN;королева_NOUN;галоп_NOUN;перо_NOUN;спутник_NOUN;казино_NOUN;вилка_NOUN;Греция_PROPN;декрет_NOUN;концерт_NOUN;игра_NOUN;барьер_NOUN;;;команда_NOUN;галоп_NOUN;;;атлетика_NOUN;0.030000000000000006
круг_NOUN;отель_NOUN;течение_NOUN;перемена_NOUN;аппарат_NOUN;стена_NOUN;лист_NOUN;сантехник_NOUN;крыло_NOUN;вирус_NOUN;область_NOUN;тарелка_NOUN;робот_NOUN;фаланга_NOUN;свет_NOUN;береза_NOUN;клетка_NOUN;десна_NOUN;киви_NOUN;рысь_NOUN;королева_NOUN;род_NOUN;панель_NOUN;развод_NOUN;лес_NOUN;аппарат_NOUN;сантехник_NOUN;;;сантехник_NOUN;тарелка_NOUN;;;унитаз_NOUN;0.15000000000000002
парашют_NOUN;заноза_NOUN;Берлин_PROPN;точка_NOUN;танец_NOUN;пробка_NOUN;ерш_NOUN;автомат_NOUN;снег_NOUN;лед_NOUN;баня_NOUN;течение_NOUN;штат_NOUN;Англия_PROPN;высота_NOUN;Австралия_PROPN;груша_NOUN;вид_NOUN;утка_NOUN;привод_NOUN;крест_NOUN;агент_NOUN;верфь_NOUN;кулак_NOUN;кольцо_NOUN;Берлин_PROPN;автомат_NOUN;;;берлин_PROPN;англия_PROPN;;;война_NOUN;0.75
Антарктида_PROPN;яблоко_NOUN;шпион_NOUN;образ_NOUN;кит_NOUN;ласка_NOUN;Байкал_NOUN;свидетель_NOUN;билет_NOUN;покров_NOUN;карта_NOUN;Англия_PROPN;голова_NOUN;лад_NOUN;состав_NOUN;Бермуды_NOUN;танец_NOUN;киви_NOUN;собака_NOUN;день_NOUN;альбом_NOUN;Египет_PROPN;лук_NOUN;штат_NOUN;шоколад_NOUN;Антарктида_PROPN;Байкал_NOUN;;;байкал_NOUN;яблоко_NOUN;;;вода_NOUN;0.75
запах_NOUN;повар_NOUN;лист_NOUN;карлик_NOUN;каша_NOUN;принцесса_NOUN;Атлантида_NOUN;воздух_NOUN;Австралия_PROPN;казино_NOUN;мелочь_NOUN;доктор_NOUN;снег_NOUN;пистолет_NOUN;пират_NOUN;корона_NOUN;раствор_NOUN;палата_NOUN;секрет_NOUN;билет_NOUN;аппарат_NOUN;образование_NOUN;предприниматель_NOUN;пара_NOUN;гигант_NOUN;повар_NOUN;карлик_NOUN;принцесса_NOUN;;предприниматель_NOUN;повар_NOUN;пират_NOUN;;человек_NOUN;0.056999999999999995
пират_NOUN;пол_NOUN;борт_NOUN;стул_NOUN;Рим_PROPN;барьер_NOUN;коса_NOUN;дух_NOUN;ветер_NOUN;лама_NOUN;жизнь_NOUN;бар_NOUN;частица_NOUN;овсянка_NOUN;кран_NOUN;гигант_NOUN;кошка_NOUN;ударник_NOUN;дробь_NOUN;ерш_NOUN;вилка_NOUN;мат_NOUN;круг_NOUN;пилот_NOUN;мороженое_NOUN;пол_NOUN;стул_NOUN;;;бар_NOUN;стул_NOUN;;;кухня_NOUN;0.15000000000000002
агент_NOUN;Альпы_NOUN;танец_NOUN;кенгуру_NOUN;воздух_NOUN;ключ_NOUN;миллионер_NOUN;бумага_NOUN;разворот_NOUN;такса_NOUN;канал_NOUN;вал_NOUN;король_NOUN;Рим_PROPN;шуба_NOUN;рысь_NOUN;вор_NOUN;пояс_NOUN;кольцо_NOUN;норка_NOUN;номер_NOUN;шпион_NOUN;прокат_NOUN;лимузин_NOUN;площадь_NOUN;Альпы_NOUN;воздух_NOUN;;;король_NOUN;рим_PROPN;;;свобода_NOUN;0.15000000000000002
кенгуру_NOUN;проспект_NOUN;агент_NOUN;шпагат_NOUN;журавль_NOUN;бар_NOUN;такса_NOUN;лейка_NOUN;эльф_NOUN;Америка_PROPN;лад_NOUN;кентавр_NOUN;ботинок_NOUN;край_NOUN;вирус_NOUN;яд_NOUN;рог_NOUN;пингвин_NOUN;концерт_NOUN;рок_NOUN;брак_NOUN;лес_NOUN;декрет_NOUN;сеть_NOUN;доктор_NOUN;проспект_NOUN;журавль_NOUN;такса_NOUN;;пингвин_NOUN;кенгуру_NOUN;лес_NOUN;;зоопарк_NOUN;0.056999999999999995
ветер_NOUN;гребень_NOUN;наряд_NOUN;ступень_NOUN;рыцарь_NOUN;крошка_NOUN;площадь_NOUN;палата_NOUN;Байкал_NOUN;Китай_PROPN;тарелка_NOUN;ученый_NOUN;ботинок_NOUN;команда_NOUN;болезнь_NOUN;состав_NOUN;опера_NOUN;мир_NOUN;пробка_NOUN;бассейн_NOUN;доктор_NOUN;тур_NOUN;Франция_PROPN;лимузин_NOUN;дыра_NOUN;рыцарь_NOUN;площадь_NOUN;;;лимузин_NOUN;наряд_NOUN;;;парад_NOUN;0.22499999999999998
земля_NOUN;червь_NOUN;бабочка_NOUN;область_NOUN;бар_NOUN;орел_NOUN;развод_NOUN;фокус_NOUN;клетка_NOUN;газ_NOUN;полиция_NOUN;кентавр_NOUN;крест_NOUN;знак_NOUN;галоп_NOUN;нота_NOUN;посольство_NOUN;акт_NOUN;форма_NOUN;опера_NOUN;рог_NOUN;хвост_NOUN;стул_NOUN;контрабандист_NOUN;корона_NOUN;червь_NOUN;бабочка_NOUN;;;бабочка_NOUN;червь_NOUN;;;насекомое_NOUN;0.75
бревно_NOUN;амфибия_NOUN;век_NOUN;волна_NOUN;икра_NOUN;ацтек_NOUN;урна_NOUN;блок_NOUN;поле_NOUN;верфь_NOUN;ангел_NOUN;земля_NOUN;вес_NOUN;бутылка_NOUN;кисть_NOUN;Англия_PROPN;диск_NOUN;проспект_NOUN;лев_NOUN;бабочка_NOUN;кабинет_NOUN;кулак_NOUN;рейд_NOUN;тарелка_NOUN;косяк_NOUN;бревно_NOUN;волна_NOUN;;;верфь_NOUN;амфибия_NOUN;;;лодка_NOUN;0.15000000000000002
концерт_NOUN;палец_NOUN;ствол_NOUN;бар_NOUN;паук_NOUN;пирамида_NOUN;Альпы_NOUN;косяк_NOUN;Индия_PROPN;Байкал_NOUN;строй_NOUN;карлик_NOUN;линия_NOUN;шоколад_NOUN;Египет_PROPN;палочка_NOUN;порода_NOUN;яд_NOUN;жила_NOUN;проказа_NOUN;декрет_NOUN;билет_NOUN;ниндзя_NOUN;Франция_PROPN;снаряд_NOUN;концерт_NOUN;палец_NOUN;;;концерт_NOUN;ниндзя_NOUN;;;рок_NOUN;0.22499999999999998
палата_NOUN;фаланга_NOUN;Голливуд_PROPN;падение_NOUN;супергерой_NOUN;рубашка_NOUN;род_NOUN;Англия_PROPN;акт_NOUN;рыцарь_NOUN;Рим_PROPN;медведь_NOUN;привод_NOUN;кол_NOUN;полиция_NOUN;зона_NOUN;точка_NOUN;фига_NOUN;пират_NOUN;рулетка_NOUN;Греция_PROPN;вождь_NOUN;небоскреб_NOUN;кенгуру_NOUN;пилот_NOUN;Голливуд_PROPN;супергерой_NOUN;;;супергерой_NOUN;голливуд_PROPN;;;марвел_PROPN;0.75
экран_NOUN;утконос_NOUN;Пушкин_PROPN;род_NOUN;Олимп_NOUN;солдат_NOUN;гранат_NOUN;вагон_NOUN;Пекин_PROPN;Германия_PROPN;совет_NOUN;кол_NOUN;лицо_NOUN;Англия_PROPN;строй_NOUN;область_NOUN;нота_NOUN;спутник_NOUN;соль_NOUN;лама_NOUN;запад_NOUN;якорь_NOUN;робот_NOUN;дробь_NOUN;пришелец_NOUN;Пушкин_PROPN;Олимп_NOUN;;;пушкин_PROPN;олимп_NOUN;;;муза_NOUN;0.75
единорог_NOUN;башня_NOUN;Атлантида_NOUN;король_NOUN;журавль_NOUN;база_NOUN;дыра_NOUN;водолаз_NOUN;танец_NOUN;камень_NOUN;операция_NOUN;соль_NOUN;горло_NOUN;пират_NOUN;кора_NOUN;институт_NOUN;рыцарь_NOUN;такса_NOUN;полиция_NOUN;собака_NOUN;помет_NOUN;Мексика_PROPN;Китай_PROPN;банк_NOUN;ацтек_NOUN;башня_NOUN;король_NOUN;;;танец_NOUN;журавль_NOUN;;;шахматы_NOUN;0.0
акт_NOUN;фига_NOUN;медведь_NOUN;Мексика_PROPN;Урал_NOUN;знак_NOUN;паук_NOUN;Рим_PROPN;кол_NOUN;Африка_PROPN;ацтек_NOUN;крест_NOUN;Америка_PROPN;бассейн_NOUN;амфибия_NOUN;аппарат_NOUN;база_NOUN;рыцарь_NOUN;крошка_NOUN;кора_NOUN;сеть_NOUN;гриф_NOUN;динозавр_NOUN;вагон_NOUN;мир_NOUN;фига_NOUN;паук_NOUN;;;африка_PROPN;мексика_PROPN;;;экзотика_NOUN;0.75
палец_NOUN;шуба_NOUN;горло_NOUN;повар_NOUN;альбом_NOUN;Франция_PROPN;пилот_NOUN;биржа_NOUN;опера_NOUN;сила_NOUN;пара_NOUN;кадр_NOUN;свет_NOUN;сантехник_NOUN;учитель_NOUN;курс_NOUN;наряд_NOUN;телескоп_NOUN;рукав_NOUN;стена_NOUN;робот_NOUN;волна_NOUN;доктор_NOUN;вода_NOUN;гений_NOUN;повар_NOUN;Франция_PROPN;;;повар_NOUN;вода_NOUN;;;еда_NOUN;0.22499999999999998
газ_NOUN;ключ_NOUN;проспект_NOUN;язык_NOUN;высота_NOUN;кетчуп_NOUN;Китай_PROPN;амфибия_NOUN;лед_NOUN;Рим_PROPN;побег_NOUN;киви_NOUN;среда_NOUN;род_NOUN;дракон_NOUN;сила_NOUN;борт_NOUN;ясли_NOUN;пират_NOUN;вирус_NOUN;операция_NOUN;робот_NOUN;шпагат_NOUN;билет_NOUN;орел_NOUN;газ_NOUN;Китай_PROPN;;;китай_PROPN;побег_NOUN;;;продажа_NOUN;0.15000000000000002
икра_NOUN;кисть_NOUN;мотив_NOUN;крыло_NOUN;вождь_NOUN;база_NOUN;пирамида_NOUN;робот_NOUN;колонна_NOUN;экран_NOUN;развод_NOUN;пистолет_NOUN;коса_NOUN;бутылка_NOUN;бочка_NOUN;ночь_NOUN;панель_NOUN;Китай_PROPN;кадр_NOUN;совет_NOUN;смерть_NOUN;перевод_NOUN;поле_NOUN;лама_NOUN;бревно_NOUN;икра_NOUN;вождь_NOUN;;;вождь_NOUN;пирамида_NOUN;;;элита_NOUN;0.75
край_NOUN;корабль_NOUN;побег_NOUN;ясли_NOUN;такса_NOUN;ботинок_NOUN;Пушкин_PROPN;снег_NOUN;гребень_NOUN;ветер_NOUN;вертолет_NOUN;брак_NOUN;мушка_NOUN;медведь_NOUN;утка_NOUN;раствор_NOUN;предложение_NOUN;совет_NOUN;кадр_NOUN;бревно_NOUN;кентавр_NOUN;полиция_NOUN;секция_NOUN;дыра_NOUN;полис_NOUN;ботинок_NOUN;снег_NOUN;;;ботинок_NOUN;снег_NOUN;;;ступать_VERB;0.75
бумага_NOUN;поток_NOUN;бар_NOUN;секция_NOUN;зуб_NOUN;Пекин_PROPN;рог_NOUN;Берлин_PROPN;масса_NOUN;ведьма_NOUN;кавалер_NOUN;лед_NOUN;паук_NOUN;запах_NOUN;ниндзя_NOUN;поле_NOUN;шуба_NOUN;косяк_NOUN;батарея_NOUN;круг_NOUN;вертолет_NOUN;ночь_NOUN;род_NOUN;голова_NOUN;клетка_NOUN;Пекин_PROPN;Берлин_PROPN;;;род_NOUN;рог_NOUN;;;города_NOUN;0.22499999999999998
род_NOUN;кран_NOUN;динозавр_NOUN;опера_NOUN;каша_NOUN;карта_NOUN;фига_NOUN;ниндзя_NOUN;треугольник_NOUN;линия_NOUN;орел_NOUN;ботинок_NOUN;верфь_NOUN;прокат_NOUN;падение_NOUN;церковь_NOUN;Бермуды_NOUN;яблоко_NOUN;кол_NOUN;декрет_NOUN;лес_NOUN;кольцо_NOUN;лейка_NOUN;Мексика_PROPN;нота_NOUN;род_NOUN;динозавр_NOUN;;;динозавр_NOUN;падение_NOUN;;;вымирание_NOUN;0.15000000000000002
Токио_PROPN;супергерой_NOUN;утка_NOUN;учитель_NOUN;глаз_NOUN;груша_NOUN;колода_NOUN;кетчуп_NOUN;свидетель_NOUN;пробка_NOUN;лед_NOUN;вагон_NOUN;операция_NOUN;тур_NOUN;плата_NOUN;полиция_NOUN;титан_NOUN;микроскоп_NOUN;дух_NOUN;сеть_NOUN;Берлин_PROPN;рыба_NOUN;зебра_NOUN;туба_NOUN;верфь_NOUN;супергерой_NOUN;учитель_NOUN;;;супергерой_NOUN;учитель_NOUN;;;человек_NOUN;0.75
игла_NOUN;Азия_PROPN;Токио_PROPN;ученый_NOUN;воздух_NOUN;пояс_NOUN;ацтек_NOUN;Юпитер_NOUN;блин_NOUN;курс_NOUN;жук_NOUN;треугольник_NOUN;декрет_NOUN;облом_NOUN;линия_NOUN;Байкал_NOUN;кран_NOUN;бар_NOUN;карта_NOUN;танец_NOUN;лев_NOUN;прибор_NOUN;глаз_NOUN;снег_NOUN;Европа_PROPN;воздух_NOUN;Юпитер_NOUN;;;облом_NOUN;прибор_NOUN;;;отсутствие_NOUN;0.045000000000000005
икра_NOUN;пробка_NOUN;танец_NOUN;стан_NOUN;Франция_PROPN;пачка_NOUN;узел_NOUN;мат_NOUN;ствол_NOUN;язык_NOUN;больница_NOUN;лад_NOUN;шоколад_NOUN;пришелец_NOUN;лук_NOUN;ночь_NOUN;горн_NOUN;кошка_NOUN;Олимп_NOUN;ниндзя_NOUN;кенгуру_NOUN;утка_NOUN;микроскоп_NOUN;панель_NOUN;нож_NOUN;икра_NOUN;Франция_PROPN;;;шоколад_NOUN;кошка_NOUN;;;еда_NOUN;0.030000000000000006
свидетель_NOUN;канал_NOUN;крошка_NOUN;линия_NOUN;ступень_NOUN;сердце_NOUN;дыра_NOUN;голова_NOUN;дух_NOUN;бумага_NOUN;право_NOUN;кентавр_NOUN;утконос_NOUN;барьер_NOUN;кость_NOUN;бочка_NOUN;секция_NOUN;Лондон_PROPN;команда_NOUN;карта_NOUN;баня_NOUN;факел_NOUN;Пекин_PROPN;место_NOUN;кулак_NOUN;сердце_NOUN;дыра_NOUN;;;кулак_NOUN;дыра_NOUN;;;пуля_NOUN;0.22499999999999998
дума_NOUN;кран_NOUN;свет_NOUN;среда_NOUN;строй_NOUN;рок_NOUN;ведьма_NOUN;труба_NOUN;звезда_NOUN;дыра_NOUN;театр_NOUN;запад_NOUN;палочка_NOUN;бомба_NOUN;знак_NOUN;стена_NOUN;ложе_NOUN;вилка_NOUN;небоскреб_NOUN;Олимп_NOUN;кольцо_NOUN;галоп_NOUN;учитель_NOUN;предложение_NOUN;кадр_NOUN;кран_NOUN;труба_NOUN;;;труба_NOUN;кран_NOUN;;;водопровод_NOUN;0.75
спутник_NOUN;диск_NOUN;перо_NOUN;зебра_NOUN;место_NOUN;время_NOUN;Атлантида_NOUN;парашют_NOUN;ученый_NOUN;кошка_NOUN;вождь_NOUN;форма_NOUN;лев_NOUN;проспект_NOUN;клетка_NOUN;вид_NOUN;день_NOUN;плата_NOUN;ацтек_NOUN;институт_NOUN;вирус_NOUN;бревно_NOUN;снаряд_NOUN;судьба_NOUN;кролик_NOUN;место_NOUN;время_NOUN;;;день_NOUN;судьба_NOUN;;;встреча_NOUN;0.045000000000000005
бокс_NOUN;сеть_NOUN;береза_NOUN;струна_NOUN;Альпы_NOUN;сердце_NOUN;снаряд_NOUN;Германия_PROPN;экран_NOUN;стекло_NOUN;орел_NOUN;станок_NOUN;шпагат_NOUN;пистолет_NOUN;подъем_NOUN;стул_NOUN;робот_NOUN;король_NOUN;единорог_NOUN;строй_NOUN;мороженое_NOUN;боевик_NOUN;кора_NOUN;замок_NOUN;Бермуды_NOUN;береза_NOUN;сердце_NOUN;;;орел_NOUN;альпы_NOUN;;;родина_NOUN;0.15000000000000002
эльф_NOUN;дама_NOUN;клетка_NOUN;облом_NOUN;Азия_PROPN;круг_NOUN;косяк_NOUN;пачка_NOUN;гвоздь_NOUN;микроскоп_NOUN;мат_NOUN;подъем_NOUN;Урал_NOUN;ерш_NOUN;путь_NOUN;якорь_NOUN;стул_NOUN;медведь_NOUN;пират_NOUN;пробка_NOUN;береза_NOUN;зуб_NOUN;крошка_NOUN;порода_NOUN;утка_NOUN;дама_NOUN;клетка_NOUN;;;пират_NOUN;клетка_NOUN;;;тюрьма_NOUN;0.22499999999999998
падение_NOUN;автомат_NOUN;вирус_NOUN;сердце_NOUN;ангел_NOUN;ветер_NOUN;команда_NOUN;мат_NOUN;вагон_NOUN;факел_NOUN;предприниматель_NOUN;проказа_NOUN;точка_NOUN;рог_NOUN;ласка_NOUN;институт_NOUN;поток_NOUN;орган_NOUN;лимузин_NOUN;наряд_NOUN;замок_NOUN;эфир_NOUN;порода_NOUN;перо_NOUN;эльф_NOUN;сердце_NOUN;ангел_NOUN;;;ласка_NOUN;сердце_NOUN;;;любовь_NOUN;0.15000000000000002
путь_NOUN;блин_NOUN;амфибия_NOUN;камень_NOUN;пассаж_NOUN;флейта_NOUN;масло_NOUN;гребень_NOUN;ложе_NOUN;ботинок_NOUN;супергерой_NOUN;динозавр_NOUN;мелочь_NOUN;мир_NOUN;орган_NOUN;мышь_NOUN;ерш_NOUN;Юпитер_NOUN;кит_NOUN;Бермуды_NOUN;механизм_NOUN;панель_NOUN;пол_NOUN;горло_NOUN;профиль_NOUN;блин_NOUN;масло_NOUN;;;масло_NOUN;ерш_NOUN;;;пища_NOUN;0.15000000000000002
узел_NOUN;фаланга_NOUN;орган_NOUN;Олимп_NOUN;башня_NOUN;икра_NOUN;туба_NOUN;Байкал_NOUN;кора_NOUN;вирус_NOUN;единорог_NOUN;вес_NOUN;Пушкин_PROPN;ствол_NOUN;пояс_NOUN;партия_NOUN;центр_NOUN;робот_NOUN;диск_NOUN;Греция_PROPN;мост_NOUN;наряд_NOUN;Германия_PROPN;шар_NOUN;ангел_NOUN;фаланга_NOUN;орган_NOUN;;;орган_NOUN;робот_NOUN;;;анатомия_NOUN;0.15000000000000002
дама_NOUN;спутник_NOUN;жила_NOUN;вес_NOUN;зуб_NOUN;брак_NOUN;стадион_NOUN;время_NOUN;утка_NOUN;рулетка_NOUN;замок_NOUN;небоскреб_NOUN;лед_NOUN;привод_NOUN;род_NOUN;стопа_NOUN;Байкал_NOUN;воздух_NOUN;кокетка_NOUN;экран_NOUN;палочка_NOUN;опера_NOUN;полиция_NOUN;подъем_NOUN;вирус_NOUN;жила_NOUN;зуб_NOUN;;;стопа_NOUN;зуб_NOUN;;;анатомия_NOUN;0.15000000000000002
пришелец_NOUN;кавалер_NOUN;станок_NOUN;Германия_PROPN;лист_NOUN;спутник_NOUN;рыцарь_NOUN;микроскоп_NOUN;парк_NOUN;доктор_NOUN;орел_NOUN;вилка_NOUN;площадь_NOUN;шар_NOUN;газ_NOUN;ясли_NOUN;Америка_PROPN;посольство_NOUN;рулетка_NOUN;полис_NOUN;Голливуд_PROPN;Юпитер_NOUN;камень_NOUN;король_NOUN;луч_NOUN;пришелец_NOUN;спутник_NOUN;;;пришелец_NOUN;спутник_NOUN;;;космос_NOUN;0.75
огонь_NOUN;доктор_NOUN;каша_NOUN;налет_NOUN;ацтек_NOUN;край_NOUN;болезнь_NOUN;порода_NOUN;крыло_NOUN;микроскоп_NOUN;струна_NOUN;секрет_NOUN;Пушкин_PROPN;смерть_NOUN;фаланга_NOUN;жук_NOUN;предприниматель_NOUN;центр_NOUN;контрабандист_NOUN;канал_NOUN;Бермуды_NOUN;эфир_NOUN;солдат_NOUN;наряд_NOUN;Египет_PROPN;доктор_NOUN;болезнь_NOUN;;;болезнь_NOUN;доктор_NOUN;;;медицина_NOUN;0.75
паук_NOUN;лев_NOUN;партия_NOUN;Урал_NOUN;шпагат_NOUN;рыба_NOUN;вагон_NOUN;золото_NOUN;хвост_NOUN;кетчуп_NOUN;игра_NOUN;звезда_NOUN;билет_NOUN;развод_NOUN;лицо_NOUN;стол_NOUN;горло_NOUN;рак_NOUN;состав_NOUN;лейка_NOUN;плата_NOUN;удел_NOUN;фига_NOUN;фокус_NOUN;раствор_NOUN;партия_NOUN;вагон_NOUN;;;вагон_NOUN;урал_NOUN;;;перевоз_NOUN;0.75
кентавр_NOUN;Франция_PROPN;век_NOUN;лук_NOUN;робот_NOUN;карта_NOUN;операция_NOUN;база_NOUN;гений_NOUN;глаз_NOUN;Греция_PROPN;площадь_NOUN;полис_NOUN;стойка_NOUN;ясли_NOUN;Антарктида_PROPN;мир_NOUN;мышь_NOUN;пол_NOUN;театр_NOUN;кокетка_NOUN;пингвин_NOUN;подкова_NOUN;якорь_NOUN;концерт_NOUN;век_NOUN;робот_NOUN;;;век_NOUN;глаз_NOUN;;;век_ADV;0.15000000000000002
клетка_NOUN;крыло_NOUN;поток_NOUN;кенгуру_NOUN;Бермуды_NOUN;зебра_NOUN;зона_NOUN;база_NOUN;рыцарь_NOUN;ступень_NOUN;эфир_NOUN;обрез_NOUN;каша_NOUN;лимузин_NOUN;круг_NOUN;сила_NOUN;дятел_NOUN;сантехник_NOUN;Голливуд_PROPN;путь_NOUN;икра_NOUN;совет_NOUN;единорог_NOUN;призрак_NOUN;дух_NOUN;зебра_NOUN;зона_NOUN;;;кенгуру_NOUN;единорог_NOUN;;;зоопарк_NOUN;0.22499999999999998
клетка_NOUN;ерш_NOUN;агент_NOUN;Пекин_PROPN;ночь_NOUN;блин_NOUN;дробь_NOUN;Америка_PROPN;налет_NOUN;палец_NOUN;болезнь_NOUN;дыра_NOUN;береза_NOUN;корона_NOUN;Греция_PROPN;соль_NOUN;контрабандист_NOUN;проводник_NOUN;путь_NOUN;урна_NOUN;Рим_PROPN;бочка_NOUN;плата_NOUN;киви_NOUN;земля_NOUN;Пекин_PROPN;Америка_PROPN;;;пекин_PROPN;америка_PROPN;;;соперничество_NOUN;0.75
полис_NOUN;гриф_NOUN;вагон_NOUN;взгляд_NOUN;порода_NOUN;крест_NOUN;мышь_NOUN;развод_NOUN;пират_NOUN;платье_NOUN;стан_NOUN;кошка_NOUN;ниндзя_NOUN;луна_NOUN;концерт_NOUN;заяц_NOUN;вор_NOUN;привод_NOUN;бутылка_NOUN;зона_NOUN;запах_NOUN;Пушкин_PROPN;Греция_PROPN;гений_NOUN;ерш_NOUN;порода_NOUN;мышь_NOUN;;;кошка_NOUN;порода_NOUN;;;питомец_NOUN;0.15000000000000002
Атлантида_NOUN;волна_NOUN;пояс_NOUN;помет_NOUN;принцесса_NOUN;баня_NOUN;отель_NOUN;подкова_NOUN;бумага_NOUN;Греция_PROPN;запад_NOUN;лазер_NOUN;брак_NOUN;водолаз_NOUN;налет_NOUN;мост_NOUN;амфибия_NOUN;пилот_NOUN;станок_NOUN;киви_NOUN;казино_NOUN;конек_NOUN;предложение_NOUN;пришелец_NOUN;бабочка_NOUN;принцесса_NOUN;отель_NOUN;;;мост_NOUN;баня_NOUN;;;остановка_NOUN;0.15000000000000002
рыцарь_NOUN;корона_NOUN;рысь_NOUN;бокс_NOUN;контрабандист_NOUN;образование_NOUN;пара_NOUN;больница_NOUN;гранат_NOUN;брак_NOUN;Пушкин_PROPN;телескоп_NOUN;воздух_NOUN;машина_NOUN;база_NOUN;медведь_NOUN;волна_NOUN;бочка_NOUN;строй_NOUN;порода_NOUN;робот_NOUN;паук_NOUN;взгляд_NOUN;пачка_NOUN;камень_NOUN;рыцарь_NOUN;пара_NOUN;;;контрабандист_NOUN;взгляд_NOUN;;;поиск_NOUN;0.22499999999999998
линия_NOUN;контрабандист_NOUN;овсянка_NOUN;концерт_NOUN;стена_NOUN;ангел_NOUN;кит_NOUN;палочка_NOUN;кабинет_NOUN;узел_NOUN;осьминог_NOUN;вагон_NOUN;перемена_NOUN;солдат_NOUN;груша_NOUN;косяк_NOUN;бар_NOUN;боевик_NOUN;адвокат_NOUN;лазер_NOUN;корона_NOUN;червь_NOUN;доктор_NOUN;платье_NOUN;голова_NOUN;овсянка_NOUN;стена_NOUN;;;боевик_NOUN;солдат_NOUN;;;бросок_NOUN;0.030000000000000006
вагон_NOUN;орел_NOUN;корона_NOUN;коса_NOUN;вор_NOUN;соль_NOUN;мелочь_NOUN;концерт_NOUN;снеговик_NOUN;род_NOUN;голова_NOUN;стул_NOUN;бочка_NOUN;канал_NOUN;порода_NOUN;время_NOUN;кавалер_NOUN;десна_NOUN;динозавр_NOUN;карта_NOUN;кол_NOUN;лед_NOUN;кабинет_NOUN;ключ_NOUN;механизм_NOUN;корона_NOUN;вор_NOUN;;;вор_NOUN;карта_NOUN;;;кража_NOUN;0.22499999999999998
платье_NOUN;механизм_NOUN;гранат_NOUN;Рим_PROPN;казино_NOUN;кора_NOUN;мотив_NOUN;диск_NOUN;десна_NOUN;рыба_NOUN;жила_NOUN;туба_NOUN;мост_NOUN;полиция_NOUN;блин_NOUN;утконос_NOUN;штат_NOUN;утка_NOUN;номер_NOUN;Антарктида_PROPN;снеговик_NOUN;пояс_NOUN;Франция_PROPN;осьминог_NOUN;наряд_NOUN;платье_NOUN;казино_NOUN;;;наряд_NOUN;блин_NOUN;;;вечер_NOUN;0.045
боров_NOUN;треугольник_NOUN;среда_NOUN;шпион_NOUN;борт_NOUN;колонна_NOUN;прокат_NOUN;образ_NOUN;вид_NOUN;кабинет_NOUN;кентавр_NOUN;запах_NOUN;рог_NOUN;гигант_NOUN;скат_NOUN;контрабандист_NOUN;почка_NOUN;бревно_NOUN;трава_NOUN;язык_NOUN;Австралия_PROPN;груша_NOUN;яд_NOUN;наряд_NOUN;Антарктида_PROPN;треугольник_NOUN;колонна_NOUN;;;вид_NOUN;язык_NOUN;;;форма_NOUN;0.0
ниндзя_NOUN;земля_NOUN;гриф_NOUN;кабинет_NOUN;корона_NOUN;жизнь_NOUN;рукав_NOUN;прибор_NOUN;ведьма_NOUN;помет_NOUN;небоскреб_NOUN;Олимп_NOUN;стекло_NOUN;конек_NOUN;канал_NOUN;облом_NOUN;камень_NOUN;центр_NOUN;золото_NOUN;утконос_NOUN;перемена_NOUN;ключ_NOUN;лимузин_NOUN;пояс_NOUN;платье_NOUN;земля_NOUN;жизнь_NOUN;;;ведьма_NOUN;ниндзя_NOUN;;;тайна_NOUN;0.0
частица_NOUN;ясли_NOUN;земля_NOUN;запад_NOUN;запах_NOUN;агент_NOUN;баня_NOUN;клетка_NOUN;супергерой_NOUN;мед_NOUN;шуба_NOUN;платье_NOUN;Европа_PROPN;венец_NOUN;урна_NOUN;пришелец_NOUN;стул_NOUN;королева_NOUN;рыба_NOUN;батарея_NOUN;брак_NOUN;вид_NOUN;такса_NOUN;Азия_PROPN;обрез_NOUN;запад_NOUN;баня_NOUN;;;запах_NOUN;вид_NOUN;;;отсутствие_NOUN;0.22499999999999998
жук_NOUN;король_NOUN;корона_NOUN;стекло_NOUN;спутник_NOUN;масло_NOUN;запад_NOUN;боров_NOUN;перчатка_NOUN;колонна_NOUN;фига_NOUN;сила_NOUN;водолаз_NOUN;ботинок_NOUN;доктор_NOUN;овсянка_NOUN;Греция_PROPN;ключ_NOUN;плата_NOUN;бар_NOUN;ствол_NOUN;раствор_NOUN;каша_NOUN;газ_NOUN;шпион_NOUN;король_NOUN;корона_NOUN;;;запад_NOUN;король_NOUN;;;средневековье_NOUN;0.75
камень_NOUN;икра_NOUN;ступень_NOUN;соль_NOUN;Сатурн_NOUN;гриф_NOUN;Европа_PROPN;крыло_NOUN;Голливуд_PROPN;утка_NOUN;рыцарь_NOUN;тур_NOUN;пол_NOUN;ведьма_NOUN;поток_NOUN;гигант_NOUN;пилот_NOUN;раствор_NOUN;мир_NOUN;Урал_NOUN;телескоп_NOUN;подъем_NOUN;яд_NOUN;номер_NOUN;ниндзя_NOUN;камень_NOUN;ступень_NOUN;;;соль_NOUN;раствор_NOUN;;;состав_NOUN;0.15000000000000002
Пекин_PROPN;вертолет_NOUN;стекло_NOUN;стол_NOUN;бумага_NOUN;жизнь_NOUN;каша_NOUN;лес_NOUN;банк_NOUN;Лондон_PROPN;косяк_NOUN;перемена_NOUN;проводник_NOUN;институт_NOUN;доктор_NOUN;Пушкин_PROPN;жук_NOUN;церковь_NOUN;бар_NOUN;золото_NOUN;трава_NOUN;концерт_NOUN;среда_NOUN;прокат_NOUN;профиль_NOUN;вертолет_NOUN;лес_NOUN;;;вертолет_NOUN;лондон_PROPN;;;крушение_NOUN;0.75
баня_NOUN;стадион_NOUN;театр_NOUN;рысь_NOUN;отель_NOUN;хвост_NOUN;Урал_NOUN;побег_NOUN;образование_NOUN;посольство_NOUN;ученый_NOUN;лазер_NOUN;рыцарь_NOUN;орел_NOUN;рулетка_NOUN;Байкал_NOUN;бокс_NOUN;учитель_NOUN;земля_NOUN;предложение_NOUN;голова_NOUN;призрак_NOUN;место_NOUN;палец_NOUN;банк_NOUN;баня_NOUN;Урал_NOUN;;;учитель_NOUN;театр_NOUN;;;любовь_NOUN;0.15000000000000002
наряд_NOUN;шпагат_NOUN;лимузин_NOUN;Олимп_NOUN;ночь_NOUN;луна_NOUN;бочка_NOUN;титан_NOUN;кость_NOUN;перемена_NOUN;жук_NOUN;обрез_NOUN;проспект_NOUN;гранат_NOUN;Атлантида_NOUN;пара_NOUN;акт_NOUN;диск_NOUN;декрет_NOUN;экран_NOUN;Голливуд_PROPN;дятел_NOUN;пирамида_NOUN;вагон_NOUN;кора_NOUN;Олимп_NOUN;титан_NOUN;;;титан_NOUN;олимп_NOUN;;;геркулес_NOUN;0.75
порода_NOUN;лад_NOUN;смерть_NOUN;пингвин_NOUN;струна_NOUN;шоколад_NOUN;паук_NOUN;бабочка_NOUN;пояс_NOUN;супергерой_NOUN;банк_NOUN;падение_NOUN;ботинок_NOUN;пистолет_NOUN;залог_NOUN;танец_NOUN;дума_NOUN;поток_NOUN;лист_NOUN;кольцо_NOUN;верфь_NOUN;операция_NOUN;икра_NOUN;агент_NOUN;волна_NOUN;порода_NOUN;смерть_NOUN;;;порода_NOUN;пингвин_NOUN;;;питомец_NOUN;0.75
небоскреб_NOUN;косяк_NOUN;Пекин_PROPN;пара_NOUN;сердце_NOUN;пляж_NOUN;проспект_NOUN;место_NOUN;кора_NOUN;среда_NOUN;билет_NOUN;зуб_NOUN;война_NOUN;туба_NOUN;голова_NOUN;динозавр_NOUN;вагон_NOUN;эльф_NOUN;панель_NOUN;ацтек_NOUN;Юпитер_NOUN;узел_NOUN;гений_NOUN;ударник_NOUN;машина_NOUN;небоскреб_NOUN;Пекин_PROPN;;;пекин_PROPN;ацтек_NOUN;;;китай_PROPN;0.22499999999999998
партия_NOUN;рысь_NOUN;рубашка_NOUN;такса_NOUN;палочка_NOUN;место_NOUN;канал_NOUN;телескоп_NOUN;пистолет_NOUN;вилка_NOUN;ударник_NOUN;подкова_NOUN;шоколад_NOUN;кадр_NOUN;боров_NOUN;нота_NOUN;ботинок_NOUN;парк_NOUN;Африка_PROPN;береза_NOUN;совет_NOUN;экран_NOUN;замок_NOUN;декрет_NOUN;ветер_NOUN;такса_NOUN;палочка_NOUN;;;экран_NOUN;нота_NOUN;;;игра_NOUN;0.045
шар_NOUN;мат_NOUN;проказа_NOUN;Берлин_PROPN;вертолет_NOUN;Греция_PROPN;площадь_NOUN;крест_NOUN;полиция_NOUN;автомат_NOUN;театр_NOUN;вода_NOUN;век_NOUN;свет_NOUN;стол_NOUN;тур_NOUN;форма_NOUN;акт_NOUN;шпагат_NOUN;венец_NOUN;банк_NOUN;лама_NOUN;салют_NOUN;раствор_NOUN;мелочь_NOUN;Берлин_PROPN;площадь_NOUN;;;площадь_NOUN;театр_NOUN;;;центр_NOUN;0.15000000000000002
кольцо_NOUN;дробь_NOUN;жила_NOUN;Антарктида_PROPN;точка_NOUN;колонна_NOUN;луна_NOUN;лист_NOUN;Альпы_NOUN;кролик_NOUN;круг_NOUN;кит_NOUN;Урал_NOUN;Египет_PROPN;няня_NOUN;вор_NOUN;орган_NOUN;вилка_NOUN;место_NOUN;воздух_NOUN;стопа_NOUN;ниндзя_NOUN;посольство_NOUN;крыло_NOUN;Германия_PROPN;кольцо_NOUN;дробь_NOUN;колонна_NOUN;;германия_PROPN;ниндзя_NOUN;антарктида_PROPN;;война_NOUN;0.285
судьба_NOUN;среда_NOUN;кошка_NOUN;бар_NOUN;станок_NOUN;шпагат_NOUN;миллионер_NOUN;парашют_NOUN;бочка_NOUN;воздух_NOUN;рукав_NOUN;ангел_NOUN;полиция_NOUN;смерть_NOUN;казино_NOUN;платье_NOUN;баня_NOUN;развод_NOUN;паук_NOUN;брак_NOUN;зуб_NOUN;экран_NOUN;клетка_NOUN;лама_NOUN;Бермуды_NOUN;станок_NOUN;шпагат_NOUN;;;платье_NOUN;бар_NOUN;;;балет_NOUN;0.15000000000000002
заяц_NOUN;лошадь_NOUN;кошка_NOUN;Индия_PROPN;Атлантида_NOUN;институт_NOUN;камень_NOUN;ветер_NOUN;ниндзя_NOUN;карта_NOUN;салют_NOUN;залог_NOUN;палочка_NOUN;зуб_NOUN;проспект_NOUN;частица_NOUN;сантехник_NOUN;огонь_NOUN;ерш_NOUN;лист_NOUN;мороженое_NOUN;эльф_NOUN;штат_NOUN;венец_NOUN;груша_NOUN;заяц_NOUN;лошадь_NOUN;кошка_NOUN;;кошка_NOUN;заяц_NOUN;ерш_NOUN;;млекопитающее_NOUN;0.285
фига_NOUN;дятел_NOUN;шуба_NOUN;пол_NOUN;перчатка_NOUN;хвост_NOUN;дама_NOUN;шар_NOUN;косяк_NOUN;ерш_NOUN;заяц_NOUN;перемена_NOUN;смерть_NOUN;мелочь_NOUN;Индия_PROPN;концерт_NOUN;ночь_NOUN;полиция_NOUN;станок_NOUN;блок_NOUN;опера_NOUN;стадион_NOUN;батарея_NOUN;Рим_PROPN;покров_NOUN;шуба_NOUN;перчатка_NOUN;дама_NOUN;;дама_NOUN;перчатка_NOUN;пол_NOUN;;женщина_NOUN;0.95
луч_NOUN;пассаж_NOUN;предложение_NOUN;заноза_NOUN;шпагат_NOUN;яблоко_NOUN;Байкал_NOUN;кавалер_NOUN;соль_NOUN;Америка_PROPN;принцесса_NOUN;эфир_NOUN;Пушкин_PROPN;адвокат_NOUN;десна_NOUN;рыцарь_NOUN;дробь_NOUN;кисть_NOUN;брак_NOUN;морковь_NOUN;бумага_NOUN;вес_NOUN;банк_NOUN;альбом_NOUN;факел_NOUN;яблоко_NOUN;Байкал_NOUN;;;байкал_NOUN;пушкин_PROPN;;;природа_NOUN;0.75
гигант_NOUN;стекло_NOUN;палата_NOUN;колонна_NOUN;профиль_NOUN;адвокат_NOUN;день_NOUN;лев_NOUN;место_NOUN;дыра_NOUN;ступень_NOUN;посольство_NOUN;утконос_NOUN;рубашка_NOUN;карта_NOUN;фокус_NOUN;стул_NOUN;королева_NOUN;кит_NOUN;флейта_NOUN;дума_NOUN;узел_NOUN;Австралия_PROPN;горн_NOUN;корона_NOUN;палата_NOUN;колонна_NOUN;;;место_NOUN;узел_NOUN;;;расположение_NOUN;0.0
воздух_NOUN;кетчуп_NOUN;перемена_NOUN;водолаз_NOUN;вождь_NOUN;боевик_NOUN;скат_NOUN;крест_NOUN;гвоздь_NOUN;овсянка_NOUN;дракон_NOUN;пирамида_NOUN;аппарат_NOUN;налет_NOUN;стопа_NOUN;повар_NOUN;кость_NOUN;Германия_PROPN;Сатурн_NOUN;баня_NOUN;супергерой_NOUN;морковь_NOUN;колода_NOUN;ясли_NOUN;обрез_NOUN;водолаз_NOUN;скат_NOUN;;;воздух_NOUN;кетчуп_NOUN;;;вода_NOUN;0.75
вилка_NOUN;проказа_NOUN;королева_NOUN;кентавр_NOUN;билет_NOUN;эльф_NOUN;дух_NOUN;центр_NOUN;привод_NOUN;дятел_NOUN;лук_NOUN;гвоздь_NOUN;лазер_NOUN;Индия_PROPN;принцесса_NOUN;гигант_NOUN;борт_NOUN;крыло_NOUN;посольство_NOUN;собака_NOUN;горн_NOUN;кора_NOUN;жизнь_NOUN;палец_NOUN;Лондон_PROPN;эльф_NOUN;дух_NOUN;;;эльф_NOUN;кентавр_NOUN;;;существо_NOUN;0.75
высота_NOUN;факел_NOUN;стопа_NOUN;Олимп_NOUN;центр_NOUN;образ_NOUN;край_NOUN;крест_NOUN;линия_NOUN;дятел_NOUN;груша_NOUN;волна_NOUN;шар_NOUN;база_NOUN;водолаз_NOUN;трава_NOUN;треугольник_NOUN;Америка_PROPN;кора_NOUN;пол_NOUN;поле_NOUN;жила_NOUN;место_NOUN;день_NOUN;призрак_NOUN;факел_NOUN;Олимп_NOUN;;;олимп_NOUN;факел_NOUN;;;олимпиада_NOUN;0.75
флейта_NOUN;стойка_NOUN;утконос_NOUN;верфь_NOUN;утка_NOUN;орел_NOUN;обрез_NOUN;Токио_PROPN;дух_NOUN;свет_NOUN;бумага_NOUN;водолаз_NOUN;стул_NOUN;строй_NOUN;Франция_PROPN;горло_NOUN;проводник_NOUN;бочка_NOUN;рок_NOUN;дракон_NOUN;кит_NOUN;ученый_NOUN;заяц_NOUN;концерт_NOUN;отель_NOUN;утконос_NOUN;утка_NOUN;орел_NOUN;;утка_NOUN;дракон_NOUN;заяц_NOUN;;птица_NOUN;0.08549999999999999
лук_NOUN;ударник_NOUN;сеть_NOUN;кролик_NOUN;башня_NOUN;повар_NOUN;вирус_NOUN;Египет_PROPN;Москва_PROPN;ствол_NOUN;заноза_NOUN;панель_NOUN;воздух_NOUN;вид_NOUN;телескоп_NOUN;голова_NOUN;титан_NOUN;образ_NOUN;прокат_NOUN;хлопок_NOUN;липа_NOUN;Атлантида_NOUN;стадион_NOUN;снаряд_NOUN;звезда_NOUN;лук_NOUN;повар_NOUN;;;повар_NOUN;кролик_NOUN;;;охотник_NOUN;0.75
журавль_NOUN;казино_NOUN;Китай_PROPN;стан_NOUN;фига_NOUN;кокетка_NOUN;рубашка_NOUN;лад_NOUN;стул_NOUN;Урал_NOUN;крыло_NOUN;ночь_NOUN;секрет_NOUN;место_NOUN;треугольник_NOUN;морковь_NOUN;заяц_NOUN;запах_NOUN;Франция_PROPN;звезда_NOUN;сила_NOUN;ложе_NOUN;зона_NOUN;туба_NOUN;образ_NOUN;казино_NOUN;рубашка_NOUN;;;казино_NOUN;секрет_NOUN;;;мафия_NOUN;0.15000000000000002
липа_NOUN;ласка_NOUN;ветер_NOUN;косяк_NOUN;полиция_NOUN;трава_NOUN;морковь_NOUN;дробь_NOUN;точка_NOUN;палочка_NOUN;нож_NOUN;панель_NOUN;агент_NOUN;орел_NOUN;гений_NOUN;сердце_NOUN;отель_NOUN;биржа_NOUN;Москва_PROPN;амфибия_NOUN;побег_NOUN;Азия_PROPN;овсянка_NOUN;ученый_NOUN;стадион_NOUN;липа_NOUN;трава_NOUN;морковь_NOUN;;трава_NOUN;побег_NOUN;морковь_NOUN;;растение_NOUN;0.285
вода_NOUN;червь_NOUN;яд_NOUN;шпион_NOUN;карта_NOUN;бумага_NOUN;якорь_NOUN;осьминог_NOUN;Пушкин_PROPN;Антарктида_PROPN;гений_NOUN;зебра_NOUN;вал_NOUN;Европа_PROPN;подкова_NOUN;лейка_NOUN;журавль_NOUN;частица_NOUN;театр_NOUN;венец_NOUN;косяк_NOUN;крыло_NOUN;образ_NOUN;пляж_NOUN;орган_NOUN;вода_NOUN;якорь_NOUN;осьминог_NOUN;;пляж_NOUN;антарктида_PROPN;вода_NOUN;;море_NOUN;0.285
Рим_PROPN;перо_NOUN;бокс_NOUN;стопа_NOUN;Европа_PROPN;мороженое_NOUN;ступень_NOUN;пирамида_NOUN;призрак_NOUN;огонь_NOUN;полиция_NOUN;луч_NOUN;урна_NOUN;течение_NOUN;ученый_NOUN;вор_NOUN;принцесса_NOUN;парашют_NOUN;мушка_NOUN;дух_NOUN;билет_NOUN;тур_NOUN;горн_NOUN;Бермуды_NOUN;Египет_PROPN;Рим_PROPN;Европа_PROPN;;;европа_PROPN;рим_PROPN;;;италия_PROPN;0.75
голова_NOUN;бревно_NOUN;ученый_NOUN;кролик_NOUN;театр_NOUN;стан_NOUN;корона_NOUN;узел_NOUN;горн_NOUN;Европа_PROPN;медведь_NOUN;каша_NOUN;поле_NOUN;бабочка_NOUN;стул_NOUN;раствор_NOUN;кольцо_NOUN;Пекин_PROPN;кентавр_NOUN;рыцарь_NOUN;пингвин_NOUN;рейд_NOUN;век_NOUN;эльф_NOUN;огонь_NOUN;бревно_NOUN;театр_NOUN;;;медведь_NOUN;пингвин_NOUN;;;буратино_NOUN;0.045000000000000005
снаряд_NOUN;перчатка_NOUN;стрела_NOUN;пассаж_NOUN;предприниматель_NOUN;луна_NOUN;частица_NOUN;сердце_NOUN;зебра_NOUN;рыцарь_NOUN;струна_NOUN;агент_NOUN;лук_NOUN;помет_NOUN;золото_NOUN;нож_NOUN;право_NOUN;луч_NOUN;площадь_NOUN;парк_NOUN;банк_NOUN;дума_NOUN;круг_NOUN;кабинет_NOUN;вагон_NOUN;снаряд_NOUN;стрела_NOUN;;;снаряд_NOUN;стрела_NOUN;;;выстрел_NOUN;0.75
